id;statutParrainage;filleulNom;filleulPrenom;filleulSexe;filleulDateDeNaissance;filleulAdresse;filleulEcole;filleulClasse;filleulSituationFamiliale;coordinateur;typeParrainage;parrainNom;parrainPrenom;parrainAdresse;parrainTelephone;parrainEmail;parrainModeDeVersement;remarque;suiviOctobre;suiviNovembre;suiviDecembre;suiviJanvier;suiviFevrier;suiviMars;suiviAvril;suiviMai;suiviJuin;suiviJuillet;suiviAout;suiviSeptembre;suiviOctobreLettre;suiviNovembreLettre;suiviDecembreLettre;suiviJanvierLettre;suiviFevrierLettre;suiviMarsLettre;suiviAvrilLettre;suiviMaiLettre;suiviJuinLettre;suiviJuilletLettre;suiviAoutLettre;suiviSeptembreLettre;suiviOctobrePhoto;suiviNovembrePhoto;suiviDecembrePhoto;suiviJanvierPhoto;suiviFevrierPhoto;suiviMarsPhoto;suiviAvrilPhoto;suiviMaiPhoto;suiviJuinPhoto;suiviJuilletPhoto;suiviAoutPhoto;suiviSeptembrePhoto;suiviOctobreNouvelle;suiviNovembreNouvelle;suiviDecembreNouvelle;suiviJanvierNouvelle;suiviFevrierNouvelle;suiviMarsNouvelle;suiviAvrilNouvelle;suiviMaiNouvelle;suiviJuinNouvelle;suiviJuilletNouvelle;suiviAoutNouvelle;suiviSeptembreNouvelle;suiviOctobreResultat;suiviNovembreResultat;suiviDecembreResultat;suiviJanvierResultat;suiviFevrierResultat;suiviMarsResultat;suiviAvrilResultat;suiviMaiResultat;suiviJuinResultat;suiviJuilletResultat;suiviAoutResultat;suiviSeptembreResultat
;URGENT;aaaaa;alex;F;01/01/1899;dd;fdqsg;3e;blablabla;WernerWeber;"Maison de Luc";Aber;Nfdsfq;;;nicolas.rizzon+1389767924886@gmail.com;;"Ce filleul est tr√®s gentil !!!";non;non;non;oui;non;non;non;non;non;non;non;non;non;non;non;oui;non;non;non;non;non;non;non;non;non;non;non;non;non;non;non;non;non;non;non;non;non;non;non;non;non;non;non;non;non;non;non;non;non;non;non;non;non;non;non;non;non;non;non;non
;"En attente de virement";Abernathy;Okey;M;02/03/2018;;"Hauck Greens";jklbh5;"Voluptas cupiditate delectus et incidunt.";;Classique;Marquardt;Josefina;"604 Kyra Ports Apt. 710
Buckridgeton, ME 96269-4107";;nicolas.rizzon+8955@gmail.com;annuel;;non;non;non;oui;non;non;non;non;non;non;non;non;non;non;non;oui;non;non;non;non;non;non;non;non;non;non;non;non;non;non;non;non;non;non;non;non;non;non;non;non;non;non;non;non;non;non;non;non;non;non;non;non;non;non;non;non;non;non;non;non
;"En attente d'espace FASOMA";Anderson;Malvina;;15/03/2011;;"Emil Extensions";3dsqf;"Cupiditate voluptatem est eum aliquam.";;Classique;Bayer;Consuelo;"4390 Wade Crossing Suite 428
Trompfort, NJ 12334-6754";;nicolas.rizzon+8132@gmail.com;mensuel;;non;non;non;oui;non;non;non;non;non;non;non;non;non;non;non;oui;non;non;non;non;non;non;non;non;non;non;non;non;non;non;non;non;non;non;non;non;non;non;non;non;non;non;non;non;non;non;non;non;non;non;non;non;non;non;non;non;non;non;non;non
;"En attente de parrain";Bernier;Stephon;;31/01/2010;;"Lorine Walk";3;"Ex et maiores esse ut quia nihil.";;Classique;;;;;;;;non;non;non;non;non;non;non;non;non;non;non;non;non;non;non;non;non;non;non;non;non;non;non;non;non;non;non;non;non;non;non;non;non;non;non;non;non;non;non;non;non;non;non;non;non;non;non;non;non;non;non;non;non;non;non;non;non;non;non;non
;"En cours de parrainage";Blick;Edgardo;;12/10/2000;;"Itzel Stream";2sdgf;"Qui dolor ea eius qui.";;Classique;Haley;Maude;"920 Brenden Isle Suite 370
Danielshire, AK 91613-3090";;nicolas.rizzon+2359@gmail.com;annuel;;non;non;non;oui;non;non;non;non;non;non;non;non;non;non;non;oui;non;non;non;non;non;non;non;non;non;non;non;non;non;non;non;non;non;non;non;non;non;non;non;non;non;non;non;non;non;non;non;non;non;non;non;non;non;non;non;non;non;non;non;non
;"En attente de parrain";Boehm;Mariane;;26/10/2017;;"Ilene Tunnel";2fdqs;"Dolorum iusto perspiciatis aut tempora atque.";;Classique;Mohr;Korbin;"316 Torrance Mission
Clevelandport, ND 23797";;nicolas.rizzon+7882@gmail.com;annuel;;non;non;non;non;non;non;non;non;non;non;oui;non;non;non;non;non;non;non;non;non;non;non;oui;non;non;non;non;non;non;non;non;non;non;non;non;non;non;non;non;non;non;non;non;non;non;non;non;non;non;non;non;non;non;non;non;non;non;non;non;non
;"En attente de parrain";Boyle;Kaelyn;;05/05/2017;;"Rippin Spurs";2;"Minus provident quis aut libero labore occaecati ut.";;Classique;;;;;;;;non;non;non;non;non;non;non;non;non;non;non;non;non;non;non;non;non;non;non;non;non;non;non;non;non;non;non;non;non;non;non;non;non;non;non;non;non;non;non;non;non;non;non;non;non;non;non;non;non;non;non;non;non;non;non;non;non;non;non;non
;"En attente de parrain";Braun;Drew;;17/06/2004;;"Seamus Valleys";1;"Voluptatibus dolorum dicta ipsam numquam reiciendis at molestiae.";;Classique;Stamm;Stevie;"9067 McDermott Fields Apt. 965
East Destinimouth, CT 35713";;nicolas.rizzon+5130@gmail.com;semestriel;;non;non;non;non;non;non;non;non;non;non;non;non;non;non;non;non;non;non;non;non;non;non;non;non;non;non;non;non;non;non;non;non;non;non;non;non;non;non;non;non;non;non;non;non;non;non;non;non;non;non;non;non;non;non;non;non;non;non;non;non
;"En attente de parrain";Brown;Simone;;07/03/2014;;"Harry Curve";2;"Vitae voluptatem deleniti maiores deleniti omnis quae.";;Classique;Stanton;Freida;"267 Feil Flats Suite 166
Dachchester, MI 59622-1856";;nicolas.rizzon+95@gmail.com;annuel;;non;non;non;non;non;non;non;non;non;non;non;non;non;non;non;non;non;non;non;non;non;non;non;non;non;non;non;non;non;non;non;non;non;non;non;non;non;non;non;non;non;non;non;non;non;non;non;non;non;non;non;non;non;non;non;non;non;non;non;non
;"En attente de parrain";Brown;Birdie;;23/08/1998;;"Brakus Landing";5;"Possimus suscipit ab non suscipit.";;Classique;;;;;;;;non;non;non;non;non;non;non;non;non;non;non;non;non;non;non;non;non;non;non;non;non;non;non;non;non;non;non;non;non;non;non;non;non;non;non;non;non;non;non;non;non;non;non;non;non;non;non;non;non;non;non;non;non;non;non;non;non;non;non;non
;"En attente de parrain";Brown;Randal;;12/02/2004;;"Greenholt Branch";5;"Necessitatibus eos molestiae sit.";;Classique;;;;;;;;non;non;non;non;non;non;non;non;non;non;non;non;non;non;non;non;non;non;non;non;non;non;non;non;non;non;non;non;non;non;non;non;non;non;non;non;non;non;non;non;non;non;non;non;non;non;non;non;non;non;non;non;non;non;non;non;non;non;non;non
;"En attente de parrain";Connelly;Yesenia;;17/12/1998;;"Abshire Port";1;"Distinctio sunt quo quis non.";;Classique;;;;;;;;non;non;non;non;non;non;non;non;non;non;non;non;non;non;non;non;non;non;non;non;non;non;non;non;non;non;non;non;non;non;non;non;non;non;non;non;non;non;non;non;non;non;non;non;non;non;non;non;non;non;non;non;non;non;non;non;non;non;non;non
;"En attente de parrain";Crooks;Tressa;;29/06/1999;;"Schneider Pass";2;"Qui est modi nihil fuga officiis distinctio.";;Classique;Bergnaum;Ellie;"51176 Emard Harbor Apt. 590
Lake Agnestown, AR 35662";;nicolas.rizzon+2057@gmail.com;annuel;;non;non;non;non;non;non;non;non;non;non;non;non;non;non;non;non;non;non;non;non;non;non;non;non;non;non;non;non;non;non;non;non;non;non;non;non;non;non;non;non;non;non;non;non;non;non;non;non;non;non;non;non;non;non;non;non;non;non;non;non
;"En attente de parrain";Dach;Carolyn;;18/12/2003;;"Narciso Mountain";6;"Quisquam nihil eaque eveniet et qui.";;Classique;Koss;Khalil;"35242 Trudie Garden
South Leonmouth, SD 53615";;nicolas.rizzon+6656@gmail.com;mensuel;;non;non;non;non;non;non;non;non;non;non;non;non;non;non;non;non;non;non;non;non;non;non;non;non;non;non;non;non;non;non;non;non;non;non;non;non;non;non;non;non;non;non;non;non;non;non;non;non;non;non;non;non;non;non;non;non;non;non;non;non
;"En attente de parrain";Dibbert;Lulu;;04/07/2004;;"Borer Throughway";1;"Unde qui facilis et architecto ab.";;Classique;Gislason;Raleigh;"736 Dasia Shores Suite 113
North Rebecca, FL 36690-1393";;nicolas.rizzon+4461@gmail.com;trimestriel;;non;non;non;non;non;non;non;non;non;non;non;non;non;non;non;non;non;non;non;non;non;non;non;non;non;non;non;non;non;non;non;non;non;non;non;non;non;non;non;non;non;non;non;non;non;non;non;non;non;non;non;non;non;non;non;non;non;non;non;non
;"En attente de parrain";Dickens;Tod;;31/12/2003;;"Kuphal Cliff";6;"Esse veritatis molestiae reiciendis perspiciatis.";;Classique;Stanton;Cayla;"29886 Tillman Stream Apt. 640
Wehnerport, KS 79654-1534";;nicolas.rizzon+7732@gmail.com;semestriel;;non;non;non;non;non;non;non;non;non;non;non;non;non;non;non;non;non;non;non;non;non;non;non;non;non;non;non;non;non;non;non;non;non;non;non;non;non;non;non;non;non;non;non;non;non;non;non;non;non;non;non;non;non;non;non;non;non;non;non;non
;"En attente de parrain";Effertz;Ayana;;10/04/1999;;"Elisha Turnpike";1;"Provident et odit sed.";;Classique;Prosacco;Maggie;"225 Cartwright Route Suite 849
Kihnmouth, MT 99526";;nicolas.rizzon+6151@gmail.com;trimestriel;;non;non;non;non;non;non;non;non;non;non;non;non;non;non;non;non;non;non;non;non;non;non;non;non;non;non;non;non;non;non;non;non;non;non;non;non;non;non;non;non;non;non;non;non;non;non;non;non;non;non;non;non;non;non;non;non;non;non;non;non
;"En attente de parrain";Eichmann;Antwan;;17/02/2010;;"Funk Greens";3;"Iure qui dolorum facilis magnam quo maiores necessitatibus.";;Classique;;;;;;;;non;non;non;non;non;non;non;non;non;non;non;non;non;non;non;non;non;non;non;non;non;non;non;non;non;non;non;non;non;non;non;non;non;non;non;non;non;non;non;non;non;non;non;non;non;non;non;non;non;non;non;non;non;non;non;non;non;non;non;non
;"En attente de parrain";Fay;Alvah;;20/05/2000;;"Freida Radial";4;"Ea in accusamus tempore odio odio accusantium voluptatem.";;Classique;Von;Nils;"8185 Yost Crossroad Apt. 356
Kaelynshire, KS 70691";;nicolas.rizzon+6028@gmail.com;semestriel;;non;non;non;non;non;non;non;non;non;non;non;non;non;non;non;non;non;non;non;non;non;non;non;non;non;non;non;non;non;non;non;non;non;non;non;non;non;non;non;non;non;non;non;non;non;non;non;non;non;non;non;non;non;non;non;non;non;non;non;non
;"En attente de parrain";Feeney;Billie;;25/04/2017;;"Ayana Wall";4;"Illo ipsum quaerat officiis maxime corrupti alias et.";;Classique;Schmeler;Elijah;"179 Kulas Groves
New Sarai, MD 79264-5448";;nicolas.rizzon+3930@gmail.com;mensuel;;non;non;non;non;non;non;non;non;non;non;non;non;non;non;non;non;non;non;non;non;non;non;non;non;non;non;non;non;non;non;non;non;non;non;non;non;non;non;non;non;non;non;non;non;non;non;non;non;non;non;non;non;non;non;non;non;non;non;non;non
;"En attente de parrain";Feeney;Roel;;25/04/2010;;"Nichole Estate";2;"Doloremque eligendi quia aliquam aspernatur modi vel.";;Classique;Bayer;Bart;"65583 Schamberger Rapids
Gracetown, TX 18139";;nicolas.rizzon+2215@gmail.com;trimestriel;;non;non;non;non;non;non;non;non;non;non;non;non;non;non;non;non;non;non;non;non;non;non;non;non;non;non;non;non;non;non;non;non;non;non;non;non;non;non;non;non;non;non;non;non;non;non;non;non;non;non;non;non;non;non;non;non;non;non;non;non
;"En attente de parrain";Gleichner;Mazie;;10/05/2011;;"Legros Hills";4;"Sunt distinctio odit est voluptatem quia id.";;Classique;Maggio;Monique;"52790 Hintz View
West Braedenberg, MN 56129";;nicolas.rizzon+9419@gmail.com;mensuel;;non;non;non;non;non;non;non;non;non;non;non;non;non;non;non;non;non;non;non;non;non;non;non;non;non;non;non;non;non;non;non;non;non;non;non;non;non;non;non;non;non;non;non;non;non;non;non;non;non;non;non;non;non;non;non;non;non;non;non;non
;"En attente de parrain";Glover;Elwin;;22/05/2010;;"Glenna Drive";2;"Quia et sit illo perferendis.";;Classique;Bogisich;Coy;"78904 Anjali Mountain
New Orin, CA 15160";;nicolas.rizzon+7063@gmail.com;annuel;;non;non;non;non;non;non;non;non;non;non;non;non;non;non;non;non;non;non;non;non;non;non;non;non;non;non;non;non;non;non;non;non;non;non;non;non;non;non;non;non;non;non;non;non;non;non;non;non;non;non;non;non;non;non;non;non;non;non;non;non
;"En attente de parrain";Grady;Percy;;21/03/2011;;"Kendall Place";4;"Consequatur iusto eos asperiores commodi.";;Classique;Schroeder;Elody;"99889 Fredrick Prairie
Jaquelinburgh, AR 16689-3331";;nicolas.rizzon+5804@gmail.com;semestriel;;non;non;non;non;non;non;non;non;non;non;non;non;non;non;non;non;non;non;non;non;non;non;non;non;non;non;non;non;non;non;non;non;non;non;non;non;non;non;non;non;non;non;non;non;non;non;non;non;non;non;non;non;non;non;non;non;non;non;non;non
;"En attente de parrain";Graham;Shirley;;09/02/2004;;"Jeffry Inlet";5;"Earum eum numquam rerum soluta officiis.";;Classique;Feeney;Dangelo;"9091 Michaela Stravenue
West Bret, RI 97373-1952";;nicolas.rizzon+3790@gmail.com;trimestriel;;non;non;non;non;non;non;non;non;non;non;non;non;non;non;non;non;non;non;non;non;non;non;non;non;non;non;non;non;non;non;non;non;non;non;non;non;non;non;non;non;non;non;non;non;non;non;non;non;non;non;non;non;non;non;non;non;non;non;non;non
;"En attente de parrain";Graham;Vincenza;;24/08/2008;;"Wisoky Landing";3;"Et id et fugit occaecati qui.";;Classique;Ledner;Claud;"472 Christian Plaza
Noreneview, AK 62317-1979";;nicolas.rizzon+2737@gmail.com;trimestriel;;non;non;non;non;non;non;non;non;non;non;non;non;non;non;non;non;non;non;non;non;non;non;non;non;non;non;non;non;non;non;non;non;non;non;non;non;non;non;non;non;non;non;non;non;non;non;non;non;non;non;non;non;non;non;non;non;non;non;non;non
;"En attente de parrain";Green;Robyn;;22/03/2012;;"Shawna Ville";3;"A qui illum aliquid dolore molestias.";;Classique;Koch;Arvilla;"286 Ledner Common
East Dina, VT 48783";;nicolas.rizzon+8853@gmail.com;annuel;;non;non;non;non;non;non;non;non;non;non;non;non;non;non;non;non;non;non;non;non;non;non;non;non;non;non;non;non;non;non;non;non;non;non;non;non;non;non;non;non;non;non;non;non;non;non;non;non;non;non;non;non;non;non;non;non;non;non;non;non
;"En attente de parrain";Gulgowski;Theodora;;05/10/2015;;"Jeromy Manors";2;"Est optio rerum eum qui pariatur quia nam ipsam.";;Classique;Schumm;Evie;"7842 Alexie Oval Suite 729
New Cordia, SD 07318-2033";;nicolas.rizzon+1888@gmail.com;semestriel;;non;non;non;non;non;non;non;non;non;non;non;non;non;non;non;non;non;non;non;non;non;non;non;non;non;non;non;non;non;non;non;non;non;non;non;non;non;non;non;non;non;non;non;non;non;non;non;non;non;non;non;non;non;non;non;non;non;non;non;non
;"En attente de parrain";Haley;Krystal;;01/09/2014;;"Schmidt Circles";6;"Id optio unde exercitationem dolorem facilis porro et voluptatem.";;Classique;Predovic;Robert;"5929 Fern Via
Feilside, OR 28330-0719";;nicolas.rizzon+510@gmail.com;semestriel;;non;non;non;non;non;non;non;non;non;non;non;non;non;non;non;non;non;non;non;non;non;non;non;non;non;non;non;non;non;non;non;non;non;non;non;non;non;non;non;non;non;non;non;non;non;non;non;non;non;non;non;non;non;non;non;non;non;non;non;non
;"En attente de parrain";Hamill;Odell;;06/06/2001;;"Mayert Bypass";5qdsf;"Et cum veritatis beatae sunt placeat blanditiis tempora.";;Classique;;;;;;;;non;non;non;non;non;non;non;non;non;non;non;non;non;non;non;non;non;non;non;non;non;non;non;non;non;non;non;non;non;non;non;non;non;non;non;non;non;non;non;non;non;non;non;non;non;non;non;non;non;non;non;non;non;non;non;non;non;non;non;non
;"En attente de parrain";Hamill;Allison;;18/05/2006;;"Leonora Brooks";2;"Beatae consequatur recusandae aut consequatur magni.";;Classique;;;;;;;;non;non;non;non;non;non;non;non;non;non;non;non;non;non;non;non;non;non;non;non;non;non;non;non;non;non;non;non;non;non;non;non;non;non;non;non;non;non;non;non;non;non;non;non;non;non;non;non;non;non;non;non;non;non;non;non;non;non;non;non
;"En attente de parrain";Hegmann;Gideon;;11/11/2001;;"Linnea Fields";1;"Animi tenetur ducimus maxime magnam commodi omnis.";;Classique;Zulauf;Aditya;"874 Alexane Heights Apt. 448
East Hershel, SD 31397-5271";;nicolas.rizzon+1997@gmail.com;mensuel;;non;non;non;non;non;non;non;non;non;non;non;non;non;non;non;non;non;non;non;non;non;non;non;non;non;non;non;non;non;non;non;non;non;non;non;non;non;non;non;non;non;non;non;non;non;non;non;non;non;non;non;non;non;non;non;non;non;non;non;non
;"En attente de parrain";Hegmann;Russell;;02/03/2016;;"Sipes Circles";4;"Recusandae temporibus nihil deserunt numquam unde.";;Classique;Robel;Gladyce;"7394 Okuneva Dam Apt. 252
Christiansenview, MD 48034";;nicolas.rizzon+7015@gmail.com;mensuel;;non;non;non;non;non;non;non;non;non;non;non;non;non;non;non;non;non;non;non;non;non;non;non;non;non;non;non;non;non;non;non;non;non;non;non;non;non;non;non;non;non;non;non;non;non;non;non;non;non;non;non;non;non;non;non;non;non;non;non;non
;"En attente de parrain";Hintz;Jamie;;07/12/2015;;"Graham Springs";6;"Ea omnis libero nobis ut quam quisquam eligendi.";;Classique;;;;;;;;non;non;non;non;non;non;non;non;non;non;non;non;non;non;non;non;non;non;non;non;non;non;non;non;non;non;non;non;non;non;non;non;non;non;non;non;non;non;non;non;non;non;non;non;non;non;non;non;non;non;non;non;non;non;non;non;non;non;non;non
;"En attente de parrain";Howe;Hilda;;14/01/1999;;"Emmett Ferry";6;"Dolorem facilis hic magni in perspiciatis repellat.";;Classique;Hermann;Kylee;"45858 Boyle Squares
West Cristopherborough, MS 28239-2732";;nicolas.rizzon+5200@gmail.com;semestriel;;non;non;non;non;non;non;non;non;non;non;non;non;non;non;non;non;non;non;non;non;non;non;non;non;non;non;non;non;non;non;non;non;non;non;non;non;non;non;non;non;non;non;non;non;non;non;non;non;non;non;non;non;non;non;non;non;non;non;non;non
;"En attente de parrain";Huels;Fleta;;11/03/2016;;"Lowe Plains";6;"Reprehenderit cum cumque eveniet sit.";;Classique;;;;;;;;non;non;non;non;non;non;non;non;non;non;non;non;non;non;non;non;non;non;non;non;non;non;non;non;non;non;non;non;non;non;non;non;non;non;non;non;non;non;non;non;non;non;non;non;non;non;non;non;non;non;non;non;non;non;non;non;non;non;non;non
;"En attente de parrain";Johnston;Jeramy;;24/10/2016;;"Kennith Radial";2;"Tempore delectus explicabo earum adipisci molestiae.";;Classique;Conn;Brenna;"7018 Jasmin Mission Suite 731
South Eugenia, OR 70888-4016";;nicolas.rizzon+2095@gmail.com;semestriel;;non;non;non;non;non;non;non;non;non;non;non;non;non;non;non;non;non;non;non;non;non;non;non;non;non;non;non;non;non;non;non;non;non;non;non;non;non;non;non;non;non;non;non;non;non;non;non;non;non;non;non;non;non;non;non;non;non;non;non;non
;"En attente de parrain";Kohler;Jaunita;;19/04/2005;;"Kiehn Ranch";4;"Ut id optio laborum.";;Classique;Kiehn;Marco;"688 Magdalena Stravenue
Westchester, WA 20767";;nicolas.rizzon+8995@gmail.com;annuel;;non;non;non;non;non;non;non;non;non;non;non;non;non;non;non;non;non;non;non;non;non;non;non;non;non;non;non;non;non;non;non;non;non;non;non;non;non;non;non;non;non;non;non;non;non;non;non;non;non;non;non;non;non;non;non;non;non;non;non;non
;"En attente de parrain";Kozey;Merritt;;25/04/2003;;"Padberg Landing";5;"Non sit ut corporis voluptatem quia.";;Classique;Walker;Clara;"434 Willow Brook Suite 769
South Darion, OR 38413-0292";;nicolas.rizzon+6612@gmail.com;mensuel;;non;non;non;non;non;non;non;non;non;non;non;non;non;non;non;non;non;non;non;non;non;non;non;non;non;non;non;non;non;non;non;non;non;non;non;non;non;non;non;non;non;non;non;non;non;non;non;non;non;non;non;non;non;non;non;non;non;non;non;non
;"En attente de parrain";Krajcik;Eudora;;20/03/1999;;"Cesar Course";4;"Ex corporis quia eaque est at.";;Classique;;;;;;;;non;non;non;non;non;non;non;non;non;non;non;non;non;non;non;non;non;non;non;non;non;non;non;non;non;non;non;non;non;non;non;non;non;non;non;non;non;non;non;non;non;non;non;non;non;non;non;non;non;non;non;non;non;non;non;non;non;non;non;non
;"En attente de parrain";Lakin;Roger;;18/06/1999;;"Nikolaus Mountains";6;"Voluptatibus qui sunt iste quis consectetur.";;Classique;Jenkins;Jasen;"19227 Mohr Harbor
West Lonniehaven, AK 58702";;nicolas.rizzon+9355@gmail.com;trimestriel;;non;non;non;non;non;non;non;non;non;non;non;non;non;non;non;non;non;non;non;non;non;non;non;non;non;non;non;non;non;non;non;non;non;non;non;non;non;non;non;non;non;non;non;non;non;non;non;non;non;non;non;non;non;non;non;non;non;non;non;non
;"En attente de parrain";Langworth;Laney;;02/01/1999;;"Lang Glen";4;"Harum fuga rerum quaerat occaecati.";;Classique;;;;;;;;non;non;non;non;non;non;non;non;non;non;non;non;non;non;non;non;non;non;non;non;non;non;non;non;non;non;non;non;non;non;non;non;non;non;non;non;non;non;non;non;non;non;non;non;non;non;non;non;non;non;non;non;non;non;non;non;non;non;non;non
;"En attente de parrain";Larkin;Dwight;;04/08/2017;;"Flatley Mountain";3;"Nihil qui non magni.";;Classique;;;;;;;;non;non;non;non;non;non;non;non;non;non;non;non;non;non;non;non;non;non;non;non;non;non;non;non;non;non;non;non;non;non;non;non;non;non;non;non;non;non;non;non;non;non;non;non;non;non;non;non;non;non;non;non;non;non;non;non;non;non;non;non
;"En attente de parrain";Lebsack;Frank;;05/04/2018;;"Alayna Islands";3;"Aspernatur fugiat placeat asperiores.";;Classique;Grimes;Laisha;"8307 Farrell Vista
Friedamouth, WI 82689";;nicolas.rizzon+7849@gmail.com;annuel;;non;non;non;non;non;non;non;non;non;non;non;non;non;non;non;non;non;non;non;non;non;non;non;non;non;non;non;non;non;non;non;non;non;non;non;non;non;non;non;non;non;non;non;non;non;non;non;non;non;non;non;non;non;non;non;non;non;non;non;non
;"En attente de parrain";Legros;Fabiola;;15/03/2005;;"Lucius Centers";3;"Qui ut sapiente dolores illum natus neque.";;Classique;Hauck;Wayne;"60216 Konopelski Mountain Suite 517
South Fredyport, KY 69379-1921";;nicolas.rizzon+5070@gmail.com;trimestriel;;non;non;non;non;non;non;non;non;non;non;non;non;non;non;non;non;non;non;non;non;non;non;non;non;non;non;non;non;non;non;non;non;non;non;non;non;non;non;non;non;non;non;non;non;non;non;non;non;non;non;non;non;non;non;non;non;non;non;non;non
;"En attente de parrain";Legros;Mariela;;10/08/2005;;"Rolfson Court";3;"Quaerat fugit ducimus dolor repudiandae minima et sequi et.";;Classique;;;;;;;;non;non;non;non;non;non;non;non;non;non;non;non;non;non;non;non;non;non;non;non;non;non;non;non;non;non;non;non;non;non;non;non;non;non;non;non;non;non;non;non;non;non;non;non;non;non;non;non;non;non;non;non;non;non;non;non;non;non;non;non
;"En attente de parrain";Lehner;Griffin;;10/01/2018;;"Renner Mill";5;"Et sit eum eos.";;Classique;O'Hara;Dayne;"6378 Tyler Mall
South Giovanniside, TN 85652";;nicolas.rizzon+2750@gmail.com;annuel;;non;non;non;non;non;non;non;non;non;non;non;non;non;non;non;non;non;non;non;non;non;non;non;non;non;non;non;non;non;non;non;non;non;non;non;non;non;non;non;non;non;non;non;non;non;non;non;non;non;non;non;non;non;non;non;non;non;non;non;non
;"En attente de parrain";Lind;Meaghan;;07/10/2016;;"Kautzer Place";2;"Doloribus praesentium numquam et voluptas enim praesentium magni aspernatur.";;Classique;Dickens;Onie;"4862 Jacobs Forges
Winonaville, NV 46009";;nicolas.rizzon+1135@gmail.com;semestriel;;non;non;non;non;non;non;non;non;non;non;non;non;non;non;non;non;non;non;non;non;non;non;non;non;non;non;non;non;non;non;non;non;non;non;non;non;non;non;non;non;non;non;non;non;non;non;non;non;non;non;non;non;non;non;non;non;non;non;non;non
;"En attente de parrain";Littel;Nikolas;;17/06/2000;;"Wyatt Skyway";1;"Placeat modi et ut corrupti.";;Classique;Spinka;Ahmad;"7709 Beatty Curve Apt. 180
Bonitamouth, VA 97254";;nicolas.rizzon+796@gmail.com;annuel;;non;non;non;non;non;non;non;non;non;non;non;non;non;non;non;non;non;non;non;non;non;non;non;non;non;non;non;non;non;non;non;non;non;non;non;non;non;non;non;non;non;non;non;non;non;non;non;non;non;non;non;non;non;non;non;non;non;non;non;non
;"En attente de parrain";McClure;Maximus;;21/12/2002;;"Vincent Ranch";5;"Odit error vitae voluptatem ratione ea.";;Classique;Strosin;Mariano;"729 Jessy Valley Suite 696
Rosenbaumburgh, MI 64999";;nicolas.rizzon+5366@gmail.com;semestriel;;non;non;non;non;non;non;non;non;non;non;non;non;non;non;non;non;non;non;non;non;non;non;non;non;non;non;non;non;non;non;non;non;non;non;non;non;non;non;non;non;non;non;non;non;non;non;non;non;non;non;non;non;non;non;non;non;non;non;non;non
;"En attente de parrain";Mitchell;Natalie;;12/01/2003;;"Hoeger Street";5;"Molestiae placeat itaque perferendis tempore quod est.";;Classique;Schaden;Mekhi;"4292 Clair Spur
South Hector, NH 94062-5180";;nicolas.rizzon+9814@gmail.com;semestriel;;non;non;non;non;non;non;non;non;non;non;non;non;non;non;non;non;non;non;non;non;non;non;non;non;non;non;non;non;non;non;non;non;non;non;non;non;non;non;non;non;non;non;non;non;non;non;non;non;non;non;non;non;non;non;non;non;non;non;non;non
;"En attente de parrain";Nicolas;Ted;;08/02/2005;;"Murazik Land";6;"Nisi doloremque ut perspiciatis ea harum minima eos.";;Classique;Beer;Lora;"90659 Mara Fall
Osinskiberg, LA 21326";;nicolas.rizzon+9994@gmail.com;annuel;;non;non;non;non;non;non;non;non;non;non;non;non;non;non;non;non;non;non;non;non;non;non;non;non;non;non;non;non;non;non;non;non;non;non;non;non;non;non;non;non;non;non;non;non;non;non;non;non;non;non;non;non;non;non;non;non;non;non;non;non
;"En attente de parrain";Nienow;Dayna;;18/09/1999;;"Flatley Coves";3;"Fugiat voluptas ducimus rerum dolorem ea.";;Classique;;;;;;;;non;non;non;non;non;non;non;non;non;non;non;non;non;non;non;non;non;non;non;non;non;non;non;non;non;non;non;non;non;non;non;non;non;non;non;non;non;non;non;non;non;non;non;non;non;non;non;non;non;non;non;non;non;non;non;non;non;non;non;non
;"En attente de parrain";Pollich;Oscar;;08/09/2004;;"Flatley Bridge";4;"Sit dolorem quos velit soluta.";;Classique;Schinner;Wiley;"8744 Effie Wells Suite 200
South Adonishaven, TN 91951";;nicolas.rizzon+8440@gmail.com;semestriel;;non;non;non;non;non;non;non;non;non;non;non;non;non;non;non;non;non;non;non;non;non;non;non;non;non;non;non;non;non;non;non;non;non;non;non;non;non;non;non;non;non;non;non;non;non;non;non;non;non;non;non;non;non;non;non;non;non;non;non;non
;"En attente de parrain";Quitzon;Evie;;03/06/2006;;"Stark Harbor";2;"A eos at voluptatum ut excepturi consectetur quasi.";;Classique;Grimes;Ronaldo;"652 Zoe Light
Reedport, UT 53848";;nicolas.rizzon+2819@gmail.com;trimestriel;;non;non;non;non;non;non;non;non;non;non;non;non;non;non;non;non;non;non;non;non;non;non;non;non;non;non;non;non;non;non;non;non;non;non;non;non;non;non;non;non;non;non;non;non;non;non;non;non;non;non;non;non;non;non;non;non;non;non;non;non
;"En attente de parrain";Rempel;Estevan;;09/10/2002;;"Romaguera Mountain";1;"Voluptates dicta numquam numquam fugiat.";;Classique;Pagac;Gardner;"12992 Clinton Islands
Kassulkeshire, NC 52015-6824";;nicolas.rizzon+4380@gmail.com;semestriel;;non;non;non;non;non;non;non;non;non;non;non;non;non;non;non;non;non;non;non;non;non;non;non;non;non;non;non;non;non;non;non;non;non;non;non;non;non;non;non;non;non;non;non;non;non;non;non;non;non;non;non;non;non;non;non;non;non;non;non;non
;"En attente de parrain";Renner;Misael;;01/06/2009;;"Hauck Mountain";4;"Ipsa laboriosam eius et molestiae omnis quos.";;Classique;Kuvalis;Shemar;"654 Treutel Canyon
Marleeburgh, GA 46904-0933";;nicolas.rizzon+6432@gmail.com;semestriel;;non;non;non;non;non;non;non;non;non;non;non;non;non;non;non;non;non;non;non;non;non;non;non;non;non;non;non;non;non;non;non;non;non;non;non;non;non;non;non;non;non;non;non;non;non;non;non;non;non;non;non;non;non;non;non;non;non;non;non;non
;"En attente de parrain";Reynolds;Fritz;;25/09/2007;;"Cayla Garden";1;"Necessitatibus non dolore quas est libero aut aut.";;Classique;;;;;;;;non;non;non;non;non;non;non;non;non;non;non;non;non;non;non;non;non;non;non;non;non;non;non;non;non;non;non;non;non;non;non;non;non;non;non;non;non;non;non;non;non;non;non;non;non;non;non;non;non;non;non;non;non;non;non;non;non;non;non;non
;"En attente de parrain";Romaguera;Mariane;;07/11/2009;;"Nienow Unions";4;"Molestias et qui tempora assumenda labore.";;Classique;Harber;Thurman;"271 Kirlin Manors Suite 837
Dollymouth, DC 81138";;nicolas.rizzon+3441@gmail.com;mensuel;;non;non;non;non;non;non;non;non;non;non;non;non;non;non;non;non;non;non;non;non;non;non;non;non;non;non;non;non;non;non;non;non;non;non;non;non;non;non;non;non;non;non;non;non;non;non;non;non;non;non;non;non;non;non;non;non;non;non;non;non
;"En attente de parrain";Runte;Greta;;02/09/2011;;"Naomie Junctions";1;"Consequatur cum rerum ratione autem provident quaerat quia.";;Classique;Lind;Lyda;"78583 Penelope Mount Suite 783
West Ari, MA 49410";;nicolas.rizzon+3042@gmail.com;semestriel;;non;non;non;non;non;non;non;non;non;non;non;non;non;non;non;non;non;non;non;non;non;non;non;non;non;non;non;non;non;non;non;non;non;non;non;non;non;non;non;non;non;non;non;non;non;non;non;non;non;non;non;non;non;non;non;non;non;non;non;non
;"En attente de parrain";Rutherford;Sheldon;;10/12/2017;;"Shyann Bridge";2;"Asperiores id sit voluptatem porro consequatur.";;Classique;Carter;Roosevelt;"711 McGlynn Place Suite 741
South Trevafort, ME 11857-1076";;nicolas.rizzon+7846@gmail.com;semestriel;;non;non;non;non;non;non;non;non;non;non;non;non;non;non;non;non;non;non;non;non;non;non;non;non;non;non;non;non;non;non;non;non;non;non;non;non;non;non;non;non;non;non;non;non;non;non;non;non;non;non;non;non;non;non;non;non;non;non;non;non
;"En attente de parrain";Sauer;Kattie;;12/02/2013;;"Kristoffer Hills";3;"Qui iusto accusantium explicabo sed enim velit voluptatem.";;Classique;Kassulke;Marlin;"372 Linnie Lights
Ewaldton, IL 34118-8741";;nicolas.rizzon+3609@gmail.com;trimestriel;;non;non;non;non;non;non;non;non;non;non;non;non;non;non;non;non;non;non;non;non;non;non;non;non;non;non;non;non;non;non;non;non;non;non;non;non;non;non;non;non;non;non;non;non;non;non;non;non;non;non;non;non;non;non;non;non;non;non;non;non
;"En attente de parrain";Schulist;Lenny;;29/05/1999;;"Abshire Spur";1;"Quia ut dicta aut accusamus.";;Classique;;;;;;;;non;non;non;non;non;non;non;non;non;non;non;non;non;non;non;non;non;non;non;non;non;non;non;non;non;non;non;non;non;non;non;non;non;non;non;non;non;non;non;non;non;non;non;non;non;non;non;non;non;non;non;non;non;non;non;non;non;non;non;non
;"En attente de parrain";Simonis;Sadie;;25/11/2015;;"Padberg Hollow";1;"Perferendis aliquam ut placeat incidunt voluptatem vel repudiandae voluptas.";;Classique;McGlynn;Elenora;"65667 Jamison Passage Apt. 246
Leonshire, TX 43432-1402";;nicolas.rizzon+5599@gmail.com;semestriel;;non;non;non;non;non;non;non;non;non;non;non;non;non;non;non;non;non;non;non;non;non;non;non;non;non;non;non;non;non;non;non;non;non;non;non;non;non;non;non;non;non;non;non;non;non;non;non;non;non;non;non;non;non;non;non;non;non;non;non;non
;"En attente de parrain";Stehr;Dorcas;;16/02/2004;;"Lehner Locks";3;"Voluptatem vitae facere et aut deleniti tempore.";;Classique;Wunsch;Jany;"5203 O'Conner Views Suite 025
Osinskiburgh, KS 39723-3925";;nicolas.rizzon+8728@gmail.com;semestriel;;non;non;non;non;non;non;non;non;non;non;non;non;non;non;non;non;non;non;non;non;non;non;non;non;non;non;non;non;non;non;non;non;non;non;non;non;non;non;non;non;non;non;non;non;non;non;non;non;non;non;non;non;non;non;non;non;non;non;non;non
;"En attente de parrain";Stehr;Jovany;;05/10/2002;;"Terry Corner";5;"Neque rem rerum blanditiis laborum.";;Classique;;;;;;;;non;non;non;non;non;non;non;non;non;non;non;non;non;non;non;non;non;non;non;non;non;non;non;non;non;non;non;non;non;non;non;non;non;non;non;non;non;non;non;non;non;non;non;non;non;non;non;non;non;non;non;non;non;non;non;non;non;non;non;non
;"En attente de parrain";Stoltenberg;Ronny;;01/02/2014;;"Daisy Estate";1;"Praesentium ipsam molestiae rerum quos sint.";;Classique;Ziemann;Rollin;"687 Hackett Trafficway Apt. 016
Geovanyview, CA 46581-6345";;nicolas.rizzon+8041@gmail.com;annuel;;non;non;non;non;non;non;non;non;non;non;non;non;non;non;non;non;non;non;non;non;non;non;non;non;non;non;non;non;non;non;non;non;non;non;non;non;non;non;non;non;non;non;non;non;non;non;non;non;non;non;non;non;non;non;non;non;non;non;non;non
;"En attente de parrain";Stoltenberg;Vita;;26/03/1999;;"Hagenes Hills";5;"Adipisci qui rerum hic ut sed voluptates iusto.";;Classique;;;;;;;;non;non;non;non;non;non;non;non;non;non;non;non;non;non;non;non;non;non;non;non;non;non;non;non;non;non;non;non;non;non;non;non;non;non;non;non;non;non;non;non;non;non;non;non;non;non;non;non;non;non;non;non;non;non;non;non;non;non;non;non
;"En attente de parrain";Thompson;Michel;;03/12/2000;;"Kris Road";2;"Minima incidunt sapiente non delectus eaque quis.";;Classique;Shields;Demario;"7866 Muller Course Apt. 711
New Heidi, TX 96857";;nicolas.rizzon+7234@gmail.com;annuel;;non;non;non;non;non;non;non;non;non;non;non;non;non;non;non;non;non;non;non;non;non;non;non;non;non;non;non;non;non;non;non;non;non;non;non;non;non;non;non;non;non;non;non;non;non;non;non;non;non;non;non;non;non;non;non;non;non;non;non;non
;"En attente de parrain";Tromp;Cristopher;;25/03/2013;;"Upton Ridges";4;"Repellat architecto est nemo quia rerum.";;Classique;Swift;Jayson;"6632 Ledner Alley
North Nils, MS 59889-8610";;nicolas.rizzon+6154@gmail.com;mensuel;;non;non;non;non;non;non;non;non;non;non;non;non;non;non;non;non;non;non;non;non;non;non;non;non;non;non;non;non;non;non;non;non;non;non;non;non;non;non;non;non;non;non;non;non;non;non;non;non;non;non;non;non;non;non;non;non;non;non;non;non
;"En attente de parrain";Von;Adela;;24/04/2004;;"Hills Mills";6;"Iure fugit ab sunt quia esse tenetur minus.";;Classique;Rempel;Davin;"59763 Madonna Extensions
Wileyland, TN 66178";;nicolas.rizzon+2147@gmail.com;annuel;;non;non;non;non;non;non;non;non;non;non;non;non;non;non;non;non;non;non;non;non;non;non;non;non;non;non;non;non;non;non;non;non;non;non;non;non;non;non;non;non;non;non;non;non;non;non;non;non;non;non;non;non;non;non;non;non;non;non;non;non
;"En attente de parrain";Ward;Charlie;;30/01/2001;;"Grady Rapids";6;"Quia laboriosam enim aut nulla.";;Classique;;;;;;;;non;non;non;non;non;non;non;non;non;non;non;non;non;non;non;non;non;non;non;non;non;non;non;non;non;non;non;non;non;non;non;non;non;non;non;non;non;non;non;non;non;non;non;non;non;non;non;non;non;non;non;non;non;non;non;non;non;non;non;non
;"En attente de parrain";Weber;Gia;;08/03/2014;;"Koch Ridges";1;"Odio qui magnam fugiat excepturi dolore.";;Classique;Raynor;Dana;"479 Lynch Cliff
Morissettefurt, SD 19675-8975";;nicolas.rizzon+6524@gmail.com;semestriel;;non;non;non;non;non;non;non;non;non;non;non;non;non;non;non;non;non;non;non;non;non;non;non;non;non;non;non;non;non;non;non;non;non;non;non;non;non;non;non;non;non;non;non;non;non;non;non;non;non;non;non;non;non;non;non;non;non;non;non;non
;"En attente de parrain";Windler;Nolan;;20/03/2011;;"Enoch Plains";1;"Eos incidunt vitae mollitia nisi placeat qui.";;Classique;Gottlieb;Laverne;"7637 Clement Mission
O'Connerberg, VA 96453-9161";;nicolas.rizzon+9487@gmail.com;trimestriel;;non;non;non;non;non;non;non;non;non;non;non;non;non;non;non;non;non;non;non;non;non;non;non;non;non;non;non;non;non;non;non;non;non;non;non;non;non;non;non;non;non;non;non;non;non;non;non;non;non;non;non;non;non;non;non;non;non;non;non;non
;"En attente de parrain";Windler;Kailyn;;18/11/2014;;"Mikel Drives";3;"Odit ea tempora culpa.";;Classique;;;;;;;;non;non;non;non;non;non;non;non;non;non;non;non;non;non;non;non;non;non;non;non;non;non;non;non;non;non;non;non;non;non;non;non;non;non;non;non;non;non;non;non;non;non;non;non;non;non;non;non;non;non;non;non;non;non;non;non;non;non;non;non
;"En attente de parrain";Witting;Nichole;;18/06/2016;;"Runolfsdottir Overpass";1;"Nihil dolore vel voluptas.";;Classique;Quitzon;Reina;"691 Flatley Ville
Amelymouth, MA 78195-2773";;nicolas.rizzon+1346@gmail.com;mensuel;;non;non;non;non;non;non;non;non;non;non;non;non;non;non;non;non;non;non;non;non;non;non;non;non;non;non;non;non;non;non;non;non;non;non;non;non;non;non;non;non;non;non;non;non;non;non;non;non;non;non;non;non;non;non;non;non;non;non;non;non
;;;;;;;;;;;;Dach;Victor;"603 Alta Valley Apt. 909
Nicholasstad, AK 88008-1671";;nicolas.rizzon+6191@gmail.com;trimestriel;;non;non;non;non;non;non;non;non;non;non;non;non;non;non;non;non;non;non;non;non;non;non;non;non;non;non;non;non;non;non;non;non;non;non;non;non;non;non;non;non;non;non;non;non;non;non;non;non;non;non;non;non;non;non;non;non;non;non;non;non
